feature,importance
Volume,10660.123592082567
Model,3263.6407421082768
origin,747.291288392343
Clndrs,4.397747116154868e-14
